{
  "accounts": [
      {
          "account_id": "8G5jprQ1EACl6XlE58E4CvAZVWQlwlFwBDVR1",
          "balances": {
              "available": 100,
              "current": 110,
              "limit": null
          },
          "mask": "0000",
          "name": "Plaid Checking",
          "official_name": "Plaid Gold Standard 0% Interest Checking",
          "subtype": "checking",
          "type": "depository"
      },
      {
          "account_id": "E4PB9Q6yDbIjePjvMmvyHqr7Ae6V5VSXNWPMQ",
          "balances": {
              "available": 200,
              "current": 210,
              "limit": null
          },
          "mask": "1111",
          "name": "Plaid Saving",
          "official_name": "Plaid Silver Standard 0.1% Interest Saving",
          "subtype": "savings",
          "type": "depository"
      },
      {
          "account_id": "WGbyRx9QDVCd4Ld7ma7RF13mj56DNDTlVe758",
          "balances": {
              "available": null,
              "current": 1000,
              "limit": null
          },
          "mask": "2222",
          "name": "Plaid CD",
          "official_name": "Plaid Bronze Standard 0.2% Interest CD",
          "subtype": "cd",
          "type": "depository"
      },
      {
          "account_id": "A3dknPmGE6taWdabM3b6sy79P6q4K4S1mqlkm",
          "balances": {
              "available": null,
              "current": 410,
              "limit": 2000
          },
          "mask": "3333",
          "name": "Plaid Credit Card",
          "official_name": "Plaid Diamond 12.5% APR Interest Credit Card",
          "subtype": "credit card",
          "type": "credit"
      }
  ],
  "item": {
      "available_products": [
          "assets",
          "balance",
          "credit_details",
          "identity",
          "income",
          "transactions"
      ],
      "billed_products": [
          "auth"
      ],
      "error": null,
      "institution_id": "ins_3",
      "item_id": "1pvMlRakE5UQyDQVNJVpIrxgNwXKn1c5geaoW",
      "webhook": "example.com"
  },
  "numbers": [
      {
          "account": "1111222233330000",
          "account_id": "8G5jprQ1EACl6XlE58E4CvAZVWQlwlFwBDVR1",
          "routing": "011401533",
          "wire_routing": "021000021"
      },
      {
          "account": "1111222233331111",
          "account_id": "E4PB9Q6yDbIjePjvMmvyHqr7Ae6V5VSXNWPMQ",
          "routing": "011401533",
          "wire_routing": "021000021"
      }
  ],
  "request_id": "X8Ugg"
}
