{
	"id": "7b9485e5-7f50-4528-a7cc-31a457a28686",
	"name": "Sandbox",
	"values": [
		{
			"key": "client_id",
			"value": "YOUR_CLIENT_ID",
			"enabled": true
		},
		{
			"key": "secret_key",
			"value": "YOUR_SECRET_KEY",
			"type": "secret",
			"enabled": true
		},
		{
			"key": "public_token",
			"value": "",
			"enabled": true
		},
		{
			"key": "access_token",
			"value": "",
			"enabled": true
		},
		{
			"key": "asset_report_token",
			"value": "",
			"enabled": true
		},
		{
			"key": "env_url",
			"value": "sandbox.plaid.com",
			"enabled": true
		},
		{
			"key": "account_id",
			"value": "",
			"enabled": true
		},
		{
			"key": "processor_token",
			"value": "",
			"enabled": true
		},
		{
			"key": "transfer_id",
			"value": "",
			"enabled": true
		},
		{
			"key": "user_token",
			"value": "",
			"enabled": true
		},
		{
			"key": "user_id",
			"value": "",
			"enabled": true
		}
	],
	"_postman_variable_scope": "environment",
	"_postman_exported_at": "2022-04-07T01:23:09.310Z",
	"_postman_exported_using": "Postman/8.12.1"
}